bids_name	cjv	cnr	efc	fber	fwhm_avg	fwhm_x	fwhm_y	fwhm_z	icvs_csf	icvs_gm	icvs_wm	inu_med	inu_range	qi_1	qi_2	rpve_csf	rpve_gm	rpve_wm	size_x	size_y	size_z	snr_csf	snr_gm	snr_total	snr_wm	snrd_csf	snrd_gm	snrd_total	snrd_wm	spacing_x	spacing_y	spacing_z	summary_bg_k	summary_bg_mad	summary_bg_mean	summary_bg_median	summary_bg_n	summary_bg_p05	summary_bg_p95	summary_bg_stdv	summary_csf_k	summary_csf_mad	summary_csf_mean	summary_csf_median	summary_csf_n	summary_csf_p05	summary_csf_p95	summary_csf_stdv	summary_gm_k	summary_gm_mad	summary_gm_mean	summary_gm_median	summary_gm_n	summary_gm_p05	summary_gm_p95	summary_gm_stdv	summary_wm_k	summary_wm_mad	summary_wm_mean	summary_wm_median	summary_wm_n	summary_wm_p05	summary_wm_p95	summary_wm_stdv	tpm_overlap_csf	tpm_overlap_gm	tpm_overlap_wm	wm2max
sub-CON01_ses-preop_T1w	0.4364417049362729	2.9586477147232646	0.6402021161035721	6535.9401040582725	3.4366096026326645	3.333358807897994	3.71258	3.26389	0.17036559755783084	0.41041951804620386	0.4192148843959653	1.2522701025009155	0.41993051767349243	0.0	0.023136576696157173	24.28441135218797	10.863959970605169	12.581197501035854	144	256	256	1.7018898731575347	11.79225804126907	12.334321452550908	23.50881644322612	40.11951242309685	78.17307942031546	73.34488844354071	101.74207348720985	1.0000003576278687	1.0	1.0	7.418393988197083	6.439188542792115	9.483093185279186	8.68633334338665	2287768.0	0.0	26.115404792129993	8.710474660637646	12.347556783813825	119.50130425519393	460.904428140965	394.3256909325719	20502.0	266.0669026888907	905.2936093810946	231.6930609159603	0.2735456400417249	61.799484845758094	773.4352125493244	768.3456675559282	20276.0	674.3189293518662	889.8133224584162	65.155182108692	0.7813507662950014	39.30413785860122	999.5415146026091	1000.0000249668956	256581.0	928.8736201226711	1067.6293345689774	42.53715105894796	0.17982815206050873	0.4447094798088074	0.5091153979301453	0.5442350196463654
sub-CON02_ses-preop_T1w	0.6328884915125591	2.0623896671315736	0.6195824250984864	2839.575905423156	3.8178088425307917	3.9380165275923753	3.99867	3.51674	0.2308749333785211	0.38696101641525116	0.38216405020622773	1.4339957237243652	0.5124557852745055	0.0	0.013093097530534299	23.187718134548952	13.11831796079845	15.676831326826504	160	256	256	4.243795456903719	11.521165836296225	12.019977650961401	20.294971659684258	45.7388839814857	108.36170695596142	95.38910001139111	132.06670909672616	1.0000059604644775	1.0	1.0	6.604441310871209	4.960949232975726	9.200821574895745	6.692218817770481	2380450.0	0.0	26.708036918193102	8.666892493148394	2.705221631637107	63.13935387423651	363.5348073045579	346.3527429960668	55222.0	264.76851177215576	524.8524703718722	81.61317162804926	0.34844944701198743	66.70221741428271	823.608125643742	820.5572845879942	12538.0	711.8695671521127	947.9315021136775	71.2188829481553	0.5111375667689528	46.90352002086141	1001.977030570424	1000.0608447864652	199208.0	924.7429639101028	1085.9645990654826	49.276163153154016	0.17975179851055145	0.41274937987327576	0.502102255821228	0.4440887879859776
sub-CON03_ses-preop_T1w	0.5388688832645361	2.4898160587180422	0.6058985052473961	6755.539723578794	3.6555560667581237	3.774298200274372	3.76228	3.43009	0.1830036166974414	0.40378018060368054	0.4132162026988781	1.2962666749954224	0.44669103622436523	0.0	0.01099971994690739	29.71333238271781	14.078326632933305	16.486569613116167	160	256	256	3.6759695544595927	11.659555671509091	12.049841638394883	20.813999689215965	39.35769504730424	79.54392029144509	73.11151312691372	100.43292404199185	1.0000004768371582	1.0	1.0	11.131538011241593	6.523123729225686	7.011651331500461	4.399780094623566	2220358.0	0.0	21.99890047311783	7.4919357703733365	1.0641275474368932	90.43421533699247	413.3669469305642	391.88041342794895	19782.0	277.28864083848896	620.6189808472991	106.60330629039174	-0.0660376530246487	67.89978790875827	796.6287517693063	792.0104145333171	14016.0	691.8529205042869	914.8042771741748	67.9255867501387	0.5677216892069725	44.179337984301235	1000.062030684481	1000.0000190064311	203824.0	920.5039922967553	1079.2460582107306	48.04446914759489	0.17410796880722046	0.42985832691192627	0.4899336099624634	0.4636945333147865
sub-CON04_ses-preop_T1w	0.39326166954183345	3.3364594431075854	0.5705117073877674	7215.786071998838	3.4715310236557912	3.680163070967376	3.47375	3.26068	0.22866996234618103	0.40164265875838506	0.3696873788954339	1.2870402336120605	0.3155373573303224	0.0	0.01390041907509336	24.64724875459487	13.806025549032109	17.612332387992307	160	256	256	4.6535538837318855	13.00890172292972	14.41716614239988	25.589042820538037	42.19181885898785	89.18046154030353	82.71016200045622	116.75820560207728	0.9999991655349731	1.0	1.0	4.815977067352271	5.610796450231401	6.524858476467226	3.7844246961176395	2474884.0	0.0	18.922123480588198	6.107324975421554	2.915255324834183	58.74436283435045	374.93468252323163	361.34416526183486	41032.0	278.36039481684566	527.0837287604809	77.64813109797163	0.13282664594408145	56.24316441677742	763.7045182131516	763.769856441766	12425.0	666.1590565688908	860.7058432362974	58.70896228477581	0.6294282462924494	36.63917681958336	998.4221591749019	999.9544338621199	189792.0	931.7891938537359	1059.2285556085408	39.077342850555134	0.17534619569778442	0.4262887239456177	0.4857199490070343	0.5760098755055943
sub-CON05_ses-preop_T1w	0.4674636587286158	2.841659183781583	0.5894334083769879	12012.16	3.488054332967639	3.5938029989029157	3.64571	3.22465	0.1855443155475137	0.40492756241360955	0.40952812203887673	1.2671130895614624	0.4317519426345824	0.0	0.02047037165313498	26.621131471823087	12.452128499437727	14.529187180587252	160	256	256	3.641947133998629	12.829001417448714	13.316946805828918	23.47989186603941	51.92122566842637	104.65494546536347	96.51812561112598	132.97820569958807	0.9999991655349731	1.0	1.0	8.520137114161091	4.926644874422459	6.244221356727758	3.3229714706540108	2630437.0	0.0	16.882838923484087	6.417954708207705	0.7834479235407934	92.25539837426572	414.0448642115989	390.44914780184627	24443.0	280.8982818983495	621.2080779131496	107.20670740755068	0.18210380817806104	60.073282662312565	790.5196977050016	787.0082754045725	9525.0	694.2973713733256	897.2558933906257	61.34280728034493	0.6629816834246056	39.49262100948326	998.9459600080115	1000.000027410686	201536.0	926.841058742255	1066.4058605097234	42.589529464893914	0.1791684776544571	0.4267979562282562	0.48302504420280457	0.5129206069936222
sub-CON06_ses-preop_T1w	0.5682327275910146	2.327512018362733	0.641805770397527	1772.1468847656251	3.6924634461560886	3.854460338468267	3.80503	3.4179	0.28032340095645936	0.35645389242047315	0.3632227066230675	1.3625402450561523	0.4787404537200928	0.00048336387808358767	0.016178912833974903	18.091132328610954	12.568271611249461	14.782142212327608	160	256	256	4.692384624398029	12.511052253593316	12.459011292259396	20.173596998786845	36.08531838816652	82.3259546909727	73.3924692593788	101.7661346989972	0.9999973177909851	1.0	1.0	8.30436785934107	6.437666071662444	10.295391719739724	8.63196462392807	2187264.0	0.0	30.185718715190887	9.922158756904002	3.0575156359429556	54.75894273004441	369.3884514574261	354.5906437635422	89749.0	278.26315051317215	521.2974223732944	75.56683790518909	0.3463012401994181	61.54563888992951	810.1492957955091	808.9720300734043	9028.0	704.4206282496452	918.119299122691	64.6570095731503	0.43671452870359717	47.00271854731857	1001.048525362423	1000.0000229477882	201338.0	921.5276172757149	1084.3840165138245	49.569620113787174	0.15627114474773407	0.38058820366859436	0.4611158072948456	0.4794317087654628
sub-CON07_ses-preop_T1w	0.4583219972897879	2.9263482823100104	0.6485930305841415	2986.9795207191733	3.760000303646001	3.820750910938003	3.89468	3.56457	0.2073508889231367	0.38711790028081644	0.40553121079604687	1.2063074111938477	0.3871331214904785	0.0	0.016092751262283378	24.00109719891571	12.80863948074358	14.686016620764521	160	256	256	3.7146566361799187	13.09485527170618	13.270328133458824	23.001472492490375	39.36773783756893	82.27053784830731	75.59319818787613	105.14131887775213	0.9999997615814209	1.0	1.0	6.645770046107707	6.231007530375883	7.574666647246749	4.202750712633133	1957499.0	0.0	21.45949985086918	8.065041300297766	2.042058903825583	78.83168617975548	400.2134906689433	374.42688167095184	34052.0	278.9734980612993	599.3026999153195	100.79569134725448	0.07315067654400975	59.194571538570884	783.614521356172	782.4757690429688	10057.0	687.7737863183022	885.4558971107006	59.75147107732405	0.5626995697535855	40.50154894744323	1000.3566264784397	999.9999574422836	229045.0	928.8715855330229	1072.465568214655	43.475380751790276	0.17064909636974335	0.41658130288124084	0.4975506067276001	0.5079222069789107
sub-CON08_ses-preop_T1w	0.6114174412964953	2.230692501383149	0.6654823549483512	3175.474799123448	3.4486227987712117	3.611968396313635	3.54095	3.19295	0.2755551378019629	0.36063938516964883	0.36380547702838834	1.353706955909729	0.3919297695159911	0.0	0.01419766385527743	19.62114813872636	13.457112194156245	15.945552173099975	160	256	256	4.033174223514807	12.563348719526969	11.875097049441903	19.02876820528393	40.08943352417602	86.5277574455673	77.68671593776514	106.44295684355212	0.9999976754188538	1.0	1.0	7.69350979780876	6.15510576044609	10.552706188660169	8.255392462015152	2025210.0	0.0	28.774576038122177	9.335235155279971	1.3516480360615928	75.7714743613536	396.3323130702361	376.64631620049477	65111.0	279.4187893718481	583.0788467824459	93.3863510416433	0.20406768092739425	63.74425620875778	814.8896578772438	812.9414218664169	6830.0	711.6076723709702	923.9716785773633	64.70264618821533	0.3024687588412158	50.65581292505058	1001.2727561958451	1000.0477446615696	181842.0	916.8257535994053	1089.854962080717	52.55437367769384	0.16323734819889069	0.3989048898220062	0.49045538902282715	0.5031330276330637
sub-CON09_ses-preop_T1w	0.45635227651490146	2.914721423959453	0.6199100395189878	8139.22384083045	3.636345910437914	3.7059977313137407	3.83434	3.3687	0.2246055089957945	0.3866699502961661	0.3887245407080394	1.2305858135223389	0.35229026675224295	0.0	0.017996183614992337	19.03316350806304	10.652082842243258	12.55134027048359	160	256	256	4.420665883081163	14.340054101158454	13.905725070706444	22.95645522787971	39.29637495145282	88.89901572394746	80.05789454379523	111.9782929559854	0.9999979138374329	1.0	1.0	4.087425228926542	5.850837402654104	6.581076844580317	3.9463298581540585	2514031.0	0.0	19.685221880674362	6.154933676728215	4.660966410130862	46.25603217157127	369.8507049716045	350.9447929151356	74224.0	285.0178705789149	545.336358986795	79.3867797514116	0.44453974295907006	52.27895302724462	794.2765452397894	793.9319263454527	13734.0	704.0554245112464	887.2765557138247	55.36262390179418	0.3399451128009954	41.78186239307107	999.2328785293388	1000.0464134663343	252582.0	926.2268314138055	1069.408964149654	43.56266783744679	0.15314264595508575	0.40877199172973633	0.46248897910118103	0.5406490800933712
sub-CON10_ses-preop_T1w	0.6531831964780157	2.0924605868505397	0.6202001610072778	8095.5285675706955	3.516676646595741	3.6252599397872225	3.69942	3.22535	0.21391876917999197	0.41374471353792047	0.37233651728208755	1.3426741361618042	0.5558641433715819	0.0	0.02512935580157245	22.759926365291992	11.809851372561582	15.025748616376838	160	256	256	3.8561741743070725	11.917342551996109	11.346857423726364	18.267055544875912	38.907505276303326	85.41703082777893	76.34661409950257	104.71530619442545	0.9999972581863403	1.0	1.0	9.412204899738592	6.256683427651497	8.345780395509992	4.220068842172623	2759909.0	0.0	25.112014591693878	8.704952050436079	2.2909426498276213	70.05940578864085	396.39762545555874	371.57445657253265	31176.0	285.2974935770035	594.6129098236561	96.35677239308777	0.03135050946567386	67.93522314345051	818.2699061915363	815.7497271150351	10620.0	709.333657811582	934.1487079456448	68.44741739661225	0.4700910993389149	52.44800058488107	1001.7358637194034	1000.0521163642406	185272.0	914.6608468294144	1093.7272247374058	54.74606539780524	0.18416239321231842	0.43862155079841614	0.4927412271499634	0.42733425352865223
sub-CON11_ses-preop_T1w	0.5088575422371613	2.648596830011313	0.5868970082566969	6116.833989208487	3.685827054606593	3.9051311638197794	3.73314	3.41921	0.22853050084215468	0.4033183973332905	0.36815110182455485	1.283599853515625	0.43030729293823233	0.0	0.01845756635616257	23.766724628950108	13.222997763779366	16.746944629098174	160	256	256	4.107414924971441	13.50947855250582	12.20571834901643	19.000261569572025	38.2536237378258	78.15731605331771	71.7714574335364	98.90343250946567	0.9999997019767761	1.0	1.0	10.401827696128114	6.624000600408481	8.694593788715096	4.467820510268211	3197233.0	0.0	26.580704301595688	8.98896193007952	1.2999973121283448	84.015805083662	402.70276170380777	386.77752493321896	37527.0	277.3441997766495	580.7261788308617	94.16442668701261	0.24367479234244938	56.429777266770984	790.4531522517677	790.2386834174395	12110.0	694.0080506421625	888.2790662728249	58.492713256583905	0.42283769716607855	50.30886531955808	1000.6596920829671	1000.0000286400318	174406.0	915.3376577049494	1088.3808704428375	52.63070500900051	0.17071963846683502	0.4278980493545532	0.4861864149570465	0.44869062119366626
sub-PAT01_ses-preop_T1w	0.4367675289960832	3.0854640691672164	0.6445815067980674	3271.8399999999997	3.4309196339143835	3.611938901743151	3.54844	3.13238	0.22659669561017104	0.404185130285567	0.36921817410426194	1.1352243423461914	0.2826774060726165	0.0	0.014530883873728414	24.980307272615867	13.65681226955339	17.285430843710607	144	256	256	3.9635330039997325	12.548963138799234	11.590558751077602	18.25918011043384	41.40507522977209	84.6700152596072	79.72576474501884	113.10220374567722	1.000005841255188	1.0	1.0	229.55375859425098	5.792428088888143	8.888971182191163	7.755554310977459	2073295.0	0.0	23.61653756350279	8.960465364663511	1.7257240199591344	77.46291892005635	383.66214441195757	366.0854884535074	40569.0	263.6888465732336	561.6070945039392	92.3622879308097	0.09306835221971399	58.35655164178353	745.7695255614665	748.6150845438242	7553.0	642.3464967519045	840.0489879995583	59.651583733061386	0.441731183338522	51.44021959534992	1001.3374284082156	1000.000006608665	155359.0	913.3477231040597	1094.0579697936773	54.76679578179442	0.1647455096244812	0.42071327567100525	0.4810955822467804	0.5323461848885578
sub-PAT02_ses-preop_T1w	0.44138880015112597	2.913237882779686	0.6128597479500526	8247.102556736569	3.6087349734298204	3.690944920289462	3.85499	3.28027	0.19038576231919815	0.41626356357982175	0.39335067410098007	1.374550700187683	0.45262378454208374	0.0	0.015328705610792132	26.35347351310916	12.6139355381318	15.68804716992197	144	256	256	3.4826352386586024	13.092430222196375	13.124267336407803	22.79773654836843	45.671205788108765	89.62730725915016	83.26868907054661	114.50755416438093	1.0000067949295044	1.0	1.0	588.7013768587609	5.72133761139574	6.850976847543056	3.85898357629776	2147726.0	0.0	19.2949178814888	8.05164962950937	0.344262463229406	114.13583675614893	421.67056739358054	398.8488448858261	20182.0	272.94132989645004	624.5634105235339	114.52217534436939	0.4056323950146292	56.53457334650368	785.6558665100124	782.7196009755135	13394.0	692.7627694219351	890.5978138834237	59.781902069240296	0.768958046528565	39.37056051231645	997.9645793488208	999.9999982714653	189985.0	921.0543512105942	1066.256784081459	43.86388816976015	0.175174281001091	0.4543108344078064	0.5111833214759827	0.5049207397622193
sub-PAT03_ses-preop_T1w	0.4777273815184717	2.709070715574118	0.6224097040261949	2694.3224000384466	3.5898150414496115	3.718175124348835	3.69043	3.36084	0.17250195553373174	0.41638205137598316	0.4111159930902851	1.403881311416626	0.4921069622039793	1.7704197406119177e-05	0.005291061367214172	31.120776623686723	13.434700838726258	15.750018537434268	160	256	256	3.485846969737312	14.801484156714867	12.133253618491826	18.112429729023297	49.249085511584845	95.28826787064553	88.44603275245119	120.80074487512319	1.000001311302185	1.0	1.0	21.03150581376533	5.423280674458599	11.617831126213597	7.039822965860367	2108582.0	0.0	35.75125780701637	13.75759815311744	0.5155352373197641	106.41909247994232	432.9844687077513	407.6885711699724	20118.0	282.8248876534402	656.9914782889185	116.95247730334353	0.3184512924941125	51.7769815335104	789.0168149986658	788.8052615374327	64741.0	701.9117604196072	876.319923505187	53.29189702567589	1.3349392867611938	49.11650422151184	1004.324439790968	999.9999505132437	207731.0	922.1477906554937	1102.2154192626476	55.21056857154142	0.13374878466129303	0.3923380672931671	0.4387720227241516	0.4762652886080018
sub-PAT05_ses-preop_T1w	0.3772930376842213	3.442409119202	0.6205825407179024	6108.756841165973	3.655838866207681	3.747296598623042	3.83367	3.38655	0.19466600967092787	0.4046005262140682	0.4007334641150039	1.2042274475097656	0.3308095216751097	0.0	0.009907006149942003	28.25069215646397	14.212837809999643	17.14101475322418	160	256	256	3.7478005098788674	14.043079357360709	13.941315040870096	24.033065255370712	36.7948239609772	76.83910293784034	71.5095656066443	100.89476992111541	1.0000035762786865	1.0	1.0	6190.710979238123	6.493263900083095	7.552288307753951	4.379639945924282	2575165.0	0.0	21.791379243135452	11.173381233952341	0.5842097879990025	85.67940902304767	390.7279695101436	364.68514086306095	21514.0	271.91154835000634	575.4072440417483	97.30418261923967	0.32439620930878155	52.183669636033656	761.2863815183867	761.5766584016383	15189.0	672.0610907264054	849.9492468714714	54.22967204007791	1.0717706901618849	37.771791223654105	999.3587017113042	999.9999842382967	215062.0	929.8189246170223	1065.2673014812171	41.6092432945566	0.18179921805858612	0.43823492527008057	0.5150055885314941	0.5029143946923098
sub-PAT06_ses-preop_T1w	0.5134719988411949	2.5531361457963797	0.5527253257299772	5439.062500000001	3.591616061237311	3.7108081837119338	3.76424	3.2998	0.22416684659921496	0.40445908533453506	0.37137406806624995	1.3781436681747437	0.40482194423675555	1.0679710152666457e-05	0.008298527442426677	26.777994087718533	14.464559900766046	18.229921684458226	160	256	256	4.063877037840021	12.493132088491485	12.753756839595233	21.704261392454196	51.08511414952723	117.87006324460116	105.607094300747	147.86610550811255	0.9999977946281433	1.0	1.0	9632.587120032278	4.430605361863016	6.645100045174861	5.918199770152569	2419463.0	0.0	17.871791385114193	10.924556430506367	9.384514095397297	59.42223661792751	366.0705634838076	345.48223608732224	39919.0	268.7800232246518	542.546569225937	85.01190010245256	0.025804918207559258	61.76785122126675	801.1371594672127	797.1404918134212	14498.0	700.2812421098351	912.407686643675	63.80409606639457	0.5648062159336429	42.39481208998337	997.8991678773333	999.9999730437994	165504.0	917.3883498165757	1069.9636416137218	46.07376099478611	0.17478753626346588	0.41774868965148926	0.4940873086452484	0.54572570478551
sub-PAT07_ses-preop_T1w	0.75564400240535	1.749760321494167	0.6490562573842269	4189.119058397466	3.5384212729684634	3.680043818905389	3.68661	3.24861	0.2184840794727446	0.39551466322973516	0.3860012572975203	1.3817092180252075	0.5358409881591797	4.629715365099354e-06	0.022824615275614312	22.21695598257488	12.034825911252165	14.536184909670563	160	256	256	3.2090840206775066	11.650309001059576	11.105087096205539	18.455868266879538	41.66860519012507	97.82532423358559	85.26143748514913	116.2903830317367	0.9999962449073792	1.0	1.0	819.4281257225782	5.634080475958731	8.896570972926114	7.600259065628052	2383257.0	0.0	23.285900115966797	9.266777484788276	1.5664052545274636	84.03171092866108	389.96438774653046	358.34412956237793	33919.0	263.8260141611099	618.1274527311325	111.66390311486921	0.18640019670367103	69.52695055438434	844.7384073636865	841.2839955091476	11931.0	732.4547539949417	972.8735873103142	72.20827691958715	0.6139187534765242	50.46697617826864	1002.0027644903934	1000.0808976888657	216121.0	916.3163403272629	1095.0032821893692	54.18756622656071	0.1752995103597641	0.4199073612689972	0.4839456081390381	0.430134516928315
sub-PAT08_ses-preop_T1w	0.5965678204430722	2.2113924454593246	0.7041306736894338	957.2836	3.610837926309266	3.779783778927798	3.7042	3.34853	0.23064055494962324	0.38548466309987994	0.38387478195049685	1.2814539670944214	0.38394665718078613	0.0	0.011565672234787255	19.22719709826628	11.001942004631344	13.104191476263523	160	256	256	3.544767427555218	9.545464880267026	9.85002376091752	16.459838974930314	25.887330295351074	51.219025818434176	47.8020907228335	66.29991605471524	1.0000042915344238	1.0	1.0	659.9201325625197	9.881406380743847	16.03947461724498	10.0303555727005	1902774.0	0.0	46.91830797493458	18.430695016604396	0.4612083583221098	103.21667061074018	409.73565403528016	390.4579863399267	59502.0	260.39330980181694	611.0598197579384	110.14959747194787	0.04951356118913264	80.22527952683123	779.862794316347	772.5353466421366	13828.0	660.4659198716283	926.6860743910074	80.92926034436555	0.9169788538574251	55.472845721601594	1005.4761333619256	1000.0000549256802	242394.0	915.6658810973167	1115.0191981047392	60.75381379424122	0.16884443163871765	0.41959744691848755	0.4955108165740967	0.5554757180886281
sub-PAT10_ses-preop_T1w	0.5711106282829876	2.3749565985105905	0.6066384209038139	5072.695379591836	3.2411704769122607	3.429111430736781	3.33477	2.95963	0.21523556572315267	0.3974386764103965	0.3873257578664509	1.2898573875427246	0.3428087949752807	0.0	0.017131212097126487	25.638363054299923	13.781419279888517	16.672045938716344	160	256	256	3.3753919786780986	13.991251870624877	12.943711946984854	21.46449199165158	48.577146727070094	104.74119595715007	93.63171384514153	127.57679885120444	0.9999995827674866	1.0	1.0	149.01272233539768	5.135231245453549	8.237337389445159	6.868615563958883	2358545.0	0.0	21.07549561932683	8.169156166298436	1.915117605140784	87.82115807902764	411.4659470490399	380.7678679302335	27365.0	278.73663844168186	633.7794863708317	112.8049462303014	0.05051042336986633	57.83662987464209	820.885644705866	821.005031298846	13202.0	722.9100468834862	916.7547063827515	58.677661179801525	0.37049232370762164	44.38928703697135	1000.8877453248161	999.9999787732959	180525.0	925.5019176565111	1078.8422924689949	46.58844054911578	0.16521337628364563	0.42101147770881653	0.4808705151081085	0.5084284233874509
sub-PAT11_ses-preop_T1w	0.52563229338408	2.4798610903943885	0.5964027639997825	4125.722599885969	3.4750718868892747	3.6400956606678236	3.57009	3.21503	0.2594179319024197	0.38466042036742876	0.35592164773015156	1.3122358322143555	0.36201424598693865	8.942319246386046e-05	0.009716181671531692	24.811494717807175	15.377281161399498	19.10598485668524	160	256	256	4.274811928358482	13.553438988600803	11.573804807024649	16.893163504114664	52.23938126401163	102.14562149373141	94.54229193627276	129.24187305107526	1.0000011920928955	1.0	1.0	682.6326402716337	5.069072083398816	11.541691102976142	6.838074326515198	2650938.0	0.0	37.95131251215935	15.599611673233387	0.10953208344972643	94.08197786788203	420.044259468717	404.19857344031334	58188.0	290.16342693418267	589.852291405201	94.55272114582574	0.24038310540268615	56.06393724239091	791.4448531502045	790.3446306586266	10719.0	696.9980780273676	889.4351657241583	58.31049698421783	0.8348084841663961	54.13768985069935	1003.5747759503392	999.9999895095825	146753.0	912.7461611032486	1107.453489476442	59.195341486801475	0.16600871086120605	0.4090670645236969	0.4802878797054291	0.5420311341734618
sub-PAT13_ses-preop_T1w	0.41423440088758895	3.152756466279401	0.5918554606043342	5178.401512345679	3.676872779252499	3.780658337757498	3.84863	3.40133	0.21737768709984265	0.41111380402423214	0.37150850887592524	1.380197525024414	0.4410070896148681	0.0	0.002797021723687361	27.623572371175545	14.665375522049976	18.808493044333908	160	256	256	4.588394087007849	14.563206189233169	14.574182221731098	24.570946388952276	50.96381299652631	106.51584210531213	97.68555138524927	135.5769990539094	0.9999977946281433	1.0	1.0	868.6558635639086	4.8322088380820185	6.721349715369069	6.46422940865159	1793880.0	0.0	19.501330737024546	7.483947784950057	3.133223751193044	65.79857701188348	392.38538882860644	375.9030883014202	44221.0	295.5619513653219	551.1977799125016	81.92383454240385	0.16931884819581233	52.22812385826981	783.8482632602281	785.6483188010752	12170.0	692.704650580883	871.0413325019181	53.94526657494543	1.1162338853960696	36.563713541487274	1001.2363033528461	999.9999931417406	172093.0	937.1503004878759	1069.8571277596056	40.698354548580426	0.16358120739459991	0.43071484565734863	0.49488365650177	0.517397414277684
sub-PAT14_ses-preop_T1w	0.48070309896923114	2.788229053876386	0.6080377843992933	2462.028695529771	3.4149146085196587	3.5705538255589757	3.51892	3.15527	0.23718077547558228	0.40241219731026845	0.3604070272141493	1.222863793373108	0.3070618510246277	0.00010064059603088399	0.014395508277521117	27.82654346352735	15.531238568147335	19.769900381803303	160	256	256	4.547424530319523	13.685972854580248	12.13892721834395	18.183384270132073	35.545050151218874	75.80940830361897	69.65054442858597	97.59717483092005	1.000004529953003	1.0	1.0	2559.911378599549	6.712657306427454	9.82694860997126	8.994868852198124	2474877.0	0.0	27.346816040575504	12.849760665888756	1.7932309654011709	62.293459803646776	381.0325940266133	364.20163614302874	44716.0	281.01419132202864	541.8653880357742	80.08875382227461	0.15148995837320012	55.04378991270512	774.7921321539745	776.7582383975387	12305.0	677.2109985500574	864.8838058501482	56.753486456648396	0.40698065646188564	52.26922489271511	1000.6179867884186	1000.0000170245767	137855.0	910.8964839652181	1091.578648224473	54.99506445899306	0.17209270596504211	0.4126581847667694	0.4744856655597687	0.5040929977785217
sub-PAT15_ses-preop_T1w	0.5027096108845709	2.5458489391664236	0.5608320474420807	7458.272466181063	3.4967949481336666	3.593274844400999	3.65789	3.23922	0.17610682374263137	0.41230311230022737	0.41159006395714126	1.315326452255249	0.3778079628944395	0.0	0.006600359857661587	28.252259922238068	12.68809638956467	14.955673141904036	160	256	256	3.2562728104369096	12.296769799064135	13.384060277820538	24.599138223960566	61.6256511534252	125.04432663026087	114.10489545014833	155.64470856675896	0.999993085861206	1.0	1.0	1886.8182171335136	4.209178507080359	6.390424549091658	5.678095519542694	2553531.0	0.0	16.979689486324787	6.55251192544835	5.352624878897357	101.62737722383443	421.680629329652	395.9379683434963	23554.0	273.1846408303827	646.6340750921514	121.58980110221592	-0.020838931830986063	63.78524353037159	808.2699445002416	803.3959189429879	16178.0	708.5608043521643	924.9835989624262	65.33187998123525	1.6580521915357567	35.04950564549606	1000.3994708488278	999.9999763071537	216950.0	934.756474904716	1066.117030866444	40.65173594788848	0.15950056910514832	0.4202210307121277	0.48870572447776794	0.6116955548876198
sub-PAT16_ses-preop_T1w	0.43688848644176487	2.921132490931774	0.6101352885356741	7826.719726562499	3.463890776335322	3.5749423290059656	3.57362	3.24311	0.22385386024945544	0.3903151679644613	0.3858309717860833	1.3900761604309082	0.3926798820495605	1.155346814615659e-05	0.017329530031575734	23.08713829147824	12.887913381604315	15.806007572110456	160	256	256	4.201519228262926	12.211854936994524	13.230355689509286	23.277692903270403	41.14419584883338	88.69218488041223	81.45138623603007	114.51777797884462	1.000002145767212	1.0	1.0	3096.2968456515764	5.720826838442688	8.734991283483923	7.717278130352497	2474139.0	0.0	23.274330869317055	9.637572527175813	2.76089585117344	63.74635619978995	377.69339988684715	359.2821707352996	44838.0	276.29080671444535	553.3165922984481	85.51148876073833	0.5226729972686992	58.297949686987394	778.6020972258233	774.4839837960899	8074.0	680.9579226449132	890.9168863818049	63.41673928345756	0.7492784010737403	40.22740141952557	1000.1669152973449	1000.0000002719462	206097.0	930.2382559031248	1070.2517305538058	42.95947963495993	0.18062172830104828	0.4189271628856659	0.4943942129611969	0.5125070861316515
sub-PAT17_ses-preop_T1w	0.36269816399542365	3.618153642338024	0.5876093253872391	6862.25182101977	3.4567753637439083	3.643236091231725	3.52739	3.1997	0.15747856505262697	0.4299998112707539	0.41252162367661915	1.284714698791504	0.36626373529434186	0.0	0.013054327814415161	36.047661345231965	14.63738743193641	17.73168414600926	160	256	256	3.6946345182927205	15.497684259278143	14.568881131820936	24.51432461789194	44.033331257677325	80.84159226207487	76.7747404329849	105.44929777920251	1.000001072883606	1.0	1.0	8.116600200760342	6.212809169300053	7.010709943490271	4.190476104617119	2430891.0	0.0	21.006802290678024	6.9955641082466276	0.3586528447031849	107.15078671208404	441.88591986238595	417.57822273671627	13781.0	295.89115040004253	651.3197145462036	113.01877625223791	0.29453179980112365	47.604641686844566	768.6476837076841	766.639440074563	15499.0	690.1224348396063	851.7006628215313	49.46640381555983	0.7871098399867886	37.03479751569772	998.9404797046894	999.9999795109034	189204.0	929.5237904787064	1063.8285496316853	40.792367419633095	0.1768149584531784	0.44521042704582214	0.5087167024612427	0.4993852329979251
sub-PAT19_ses-preop_T1w	0.6325842491222646	2.107635528883529	0.5832845103900451	4820.073836666802	3.644628350902926	3.799605052708776	3.73017	3.40411	0.20512762411419672	0.4001348576990767	0.3947375181867266	1.52035653591156	0.4845746278762817	6.662380535189028e-06	0.01685543135259321	28.614607697798277	14.830579518724697	17.910619569479703	160	256	256	3.8000785243457127	10.998394374053685	12.446476992370131	22.540958078710997	66.19403919259804	132.20027820724644	120.16633739274876	162.1046947784018	1.0000039339065552	1.0	1.0	11344.098934552154	4.041439695018824	8.263776562806058	5.383671559393406	1911577.0	0.0	23.98800492286682	13.973395393240805	1.1345168852138867	90.52824916842165	428.28472542537077	408.3412656188011	25708.0	289.1508661583066	636.2273123860359	107.45391733752763	-0.12252907915922462	75.87803027397842	821.81923751815	815.5240196362138	11999.0	710.9785697720945	953.530010458082	74.14628064734316	1.0101424277719833	40.81854091969012	1002.8094521631651	999.9999552220106	178434.0	935.4640442505479	1078.574300892651	44.36356030519068	0.16976866126060486	0.43529802560806274	0.50051349401474	0.5395424122197016
sub-PAT20_ses-preop_T1w	0.4612053577803246	2.9091598552005387	0.5723000543618862	7063.253661818747	3.4174740402408683	3.5579821207226043	3.51846	3.17598	0.25169837311632176	0.38388970496968494	0.3644119219139933	1.2488292455673218	0.3914074659347533	0.0	0.01714414237592863	23.25019296406184	14.274691732641859	17.607496240207198	160	256	256	4.4081957837326735	15.68429523331596	13.716925941413322	21.058286807191337	37.214214290376276	84.80306756722813	76.16607387601822	106.48093977045023	0.9999994039535522	1.0	1.0	7735.634582452286	6.152616262163972	6.240713299268105	4.149876605719328	2720071.0	0.0	16.779935840517282	8.004071632333114	23.66392148560915	50.64762372332082	366.73650553891946	349.4917819686234	63017.0	281.7104640752077	517.4114266522229	79.28164403479768	0.28511678309175714	49.39926680056291	795.7620100927749	796.415449462831	12228.0	710.6122399041429	878.1499756537378	50.77581566226953	0.39524827703378884	44.495007461156845	998.4727564185134	999.9999756999314	169199.0	916.6415847502649	1073.915893793106	47.48710233417154	0.1655833125114441	0.40871480107307434	0.46389415860176086	0.478117092247527
sub-PAT22_ses-preop_T1w	0.6571224458358659	1.9429367469435836	0.644868825986474	3179.938847397924	3.4809368997707817	3.663360699312345	3.55157	3.22788	0.2428501408767645	0.3796849611123873	0.3774648980108482	1.439514398574829	0.4520082473754883	0.0	0.013887976249226719	23.701135360850063	14.269370658680984	17.03868749549974	160	256	256	4.376360690594177	11.05251085020479	11.684312795986957	19.624066847161902	52.68382980658994	112.15269830039223	100.32164344663961	136.12840223293668	0.999997079372406	1.0	1.0	7.324163034939943	4.8128873829484515	7.860429781942397	6.440127655863762	1596920.0	0.0	22.671343699097633	8.044549828352626	2.4883265640504026	76.15229875278114	400.7046313868993	387.03596448898315	43820.0	287.0804709814489	565.3699059188366	88.43684870247715	0.41333105670956893	69.2434765417745	828.6066232529627	823.9174698591232	9236.0	713.7939048819244	962.1184206530452	74.5416924923334	0.7082937380448362	46.49870229655036	1003.8560990454213	1000.0523433089256	177122.0	926.4882835000753	1095.5023653954268	50.96036046110342	0.1705317497253418	0.40786850452423096	0.4822540283203125	0.46179749403776305
sub-PAT23_ses-preop_T1w	0.6656081063650615	2.0113015766580853	0.6233958112330643	3288.490408119885	3.5025779233263745	3.7205737699791244	3.59632	3.19084	0.20558423002157486	0.4112999651058049	0.3831158048726202	1.311681866645813	0.5911530494689943	1.2538771673266837e-05	0.009057532001955904	22.948554124728094	11.287104756005608	13.776970475376688	160	256	256	3.624186321880782	15.778691839450422	11.585014693650917	15.352165919621545	38.96046406621951	80.3478842782496	72.03368997481452	96.79272157997444	0.9999989867210388	1.0	1.0	89.43997322043153	6.768921864243976	9.456010916685054	4.565568417310715	2578177.0	0.0	27.39341050386429	11.177433577240386	0.7675429126350335	98.3055729207125	425.4425856337106	402.5426553785801	37539.0	283.7606130629778	644.0331288486718	111.06970170195198	0.18767578177675537	52.172766984403566	828.6503113174019	830.1608172953129	36753.0	739.7344668269158	911.3576956093311	52.6120626400641	0.5413718912903085	60.92029677819578	1005.0104277408592	1000.0702019333839	209798.0	906.8623667061329	1122.2167169749737	65.14180629328771	0.14497174322605133	0.3910885453224182	0.41191408038139343	0.4542641100086144
sub-PAT24_ses-preop_T1w	0.5845095838120842	2.34401252491356	0.6155342828086167	7326.759310557094	3.531848418344778	3.6735352550343348	3.61654	3.30547	0.24639957586541703	0.37724849098922114	0.3763519331453618	1.4027667045593262	0.48664650321006775	2.66625123933071e-06	0.016975989041486877	20.711976240869525	12.591034871162234	15.057379411002403	160	256	256	3.8981369832082993	13.029165955542593	12.193008299660226	19.651721960229786	38.730637318321484	85.31438424502161	76.43279894591093	105.25337527438967	0.9999985694885254	1.0	1.0	39.38154766919686	6.22483242405911	8.50151846199562	8.323511935770512	2410475.0	0.0	24.970535807311535	8.500576996982149	1.6299280052614282	75.46244219341833	390.29121898110833	368.002350717783	54184.0	277.2539727985859	581.0989881530404	94.40380274711067	0.024663874692959276	62.357531826978104	811.291292097338	810.6216712668538	10653.0	711.0341656282544	914.8644508376717	62.21300937463558	0.3855044931115197	48.37896076944185	1000.2121972932331	1000.07364205271	200901.0	916.9858414903283	1084.4873117730021	50.88974671543896	0.1645447164773941	0.40764108300209045	0.4808657467365265	0.4992278276217091
sub-PAT25_ses-preop_T1w	0.4801058877513685	2.7761499317949316	0.6239584431372304	7442.380177514792	3.664796423726619	3.7801292711798578	3.78295	3.43131	0.195679027918264	0.4012119744057562	0.40310899767597985	1.290855050086975	0.43045861721038814	0.0	0.016277257764641496	26.363599778278928	13.22999388423027	15.712095343764387	160	256	256	3.569490719940821	12.76255075569309	13.187572575788522	23.23067625173166	40.09576287952586	85.82043245017539	78.20645238488733	108.70316182496074	1.0000054836273193	1.0	1.0	1057.0012225034436	6.026838172553389	8.332571389612543	8.13008114695549	2710111.0	0.0	24.32770435512066	8.387158402083962	1.2495113901304737	80.3887491631352	395.58984708602554	368.855527728796	22743.0	274.3652230754495	601.3008016288278	103.33334567003244	0.06630821832334899	61.38102877277452	790.479533562441	789.4934184551239	12124.0	690.8161220110953	894.4684008337558	61.857607760474	0.6961055112689669	39.68441135158232	999.1654939574653	999.9999810755253	223311.0	926.8917898386717	1068.0112368240952	43.0464327085031	0.1696581095457077	0.42896899580955505	0.4995731711387634	0.5116145133422921
sub-PAT26_ses-preop_T1w	0.6322428943726672	2.130666932973326	0.607165517006198	3065.976155473484	3.6344687960667965	3.7872463882003893	3.73352	3.38264	0.2605834366543888	0.38471668914088164	0.35469987420472954	1.4550901651382446	0.524608850479126	0.0	0.018785156656017984	17.55634038101345	10.862095206776031	13.590112657180848	160	256	256	4.143105139029445	11.205259994225454	11.165728377370135	18.148819998855505	38.27020433007111	82.35590156555716	74.27575945545554	102.20117247073836	1.0000009536743164	1.0	1.0	122.67861783957565	6.410262894785559	11.20938872107912	8.647313237190247	2859680.0	0.0	30.03397186845541	9.906734400698817	1.826197489857834	71.5431126650174	392.68075336367855	374.45954643189907	94395.0	279.5707252845168	573.5793753489852	90.38089799552301	0.17749999382531678	70.45565735250914	811.0419790823586	805.8215022906661	21390.0	703.2118657529354	939.5884893361479	71.91289323750789	0.3275616992827244	52.31232398066072	1002.9177254779737	1000.0000093579292	209749.0	917.0012439116836	1099.1352789700031	55.09987016326878	0.15960624814033508	0.3941403031349182	0.45464086532592773	0.5014301036652115
sub-PAT27_ses-preop_T1w	0.5747249334507525	2.3217818030472817	0.6394151089140712	4821.014534398076	3.6245164813855624	3.7725394441566857	3.78511	3.3159	0.18771047722896672	0.39468892511278225	0.417600597658251	1.3062750101089478	0.486331582069397	0.0	0.012085423478204883	22.52452593298121	10.948317502916781	12.404557278764733	160	256	256	3.338847771018739	11.684711400938843	12.69357837453004	23.057175951632537	46.31388566960586	96.94755636547698	87.67563682938383	119.76546845306862	0.9999974966049194	1.0	1.0	391.5676820853924	5.470509125809415	6.676819470263972	3.689802333712578	1838043.0	0.0	18.44901166856289	7.328846242478817	3.078133465667058	91.96114478731344	414.8906477025545	386.7294549420476	35939.0	282.7788167819381	644.8311281852423	115.8256084336168	0.2699004661898039	69.4188744240643	813.8523255836651	809.5299085602164	12605.0	709.0782208889723	933.5708842545747	69.2783731396389	0.8118327670669081	40.085627214982786	1001.860337690553	1000.0636669993401	282459.0	933.9653114005923	1075.895466685295	43.37313029204037	0.1808573454618454	0.4393218457698822	0.5071319341659546	0.5387251542152159
sub-PAT28_ses-preop_T1w	0.5860508256955864	2.2562894416695154	0.594385441911082	6269.363186682521	3.5205223787396256	3.6280571362188754	3.68332	3.25019	0.21739906932750858	0.39446751352318293	0.38813341714930855	1.402433156967163	0.5130565226078032	0.0	0.01013197729939751	23.49042590883344	12.920713289091372	15.89422263485965	160	256	256	3.2570423703549305	11.926758421475752	12.231571713176145	21.51091434769775	35.755680939036885	77.95548563124727	69.8768047736974	95.91924775080801	0.9999980330467224	1.0	1.0	2588.7546382049873	6.83051984851631	7.4609597852267076	4.607115626335144	2983685.0	0.0	22.971590414643288	9.247861604050014	0.7677694793503531	91.35820297390565	407.522294342591	372.7924394309521	26074.0	275.0607998214662	632.7745337337255	114.45515539388626	0.1742043232102235	65.83862187319887	814.7489695998805	812.7719817459583	10151.0	707.2882302179933	932.5889818891883	68.14357413428434	0.5079387767880967	43.92403735920905	1000.0579317033418	1000.0640294998884	218214.0	923.4707322120667	1075.9534619003534	46.490898613470065	0.18074986338615417	0.43336814641952515	0.5122827887535095	0.4987713419498963
sub-PAT29_ses-preop_T1w	0.4470742316712805	3.003157754509472	0.6037641432447834	5610.819758948137	3.7298447268239046	3.7821381965359704	3.9210461044176705	3.4863498795180723	0.219875341459018	0.39302837711673355	0.38709628142424846	1.3026264905929565	0.44901428222656237	0.0008352541277003157	0.018708290469918034	20.46960156163909	11.301379510517467	13.690246089075478	160	256	256	4.222299051188484	10.685350689555476	12.65151656952225	23.04689996782279	34.926653126466455	77.47876975823257	71.91542585394843	103.34085467714627	1.0000004768371582	0.97265625	0.97265625	9602.28485628024	6.339934321155956	9.136896853188352	8.494654666632414	2978006.0	0.0	25.426177233457565	11.77592506748269	2.889525835572184	55.088888763557826	357.00629956535766	337.9947969056666	54170.0	264.5738208057359	524.966769059561	80.04920377114101	0.07754416437468814	71.02439935457144	750.5583242864334	749.7832945547998	23550.0	638.890489757061	867.7838716246188	70.16778365100923	0.5991796983903339	40.866873935018795	999.3218883689301	1000.0577800050378	254447.0	926.8997336924076	1068.766245301813	43.39220529615874	0.15692302584648132	0.3970480263233185	0.4705771803855896	0.5375014824695238
sub-PAT31_ses-preop_T1w	0.41121971564516696	3.150089744519425	0.5576066922160327	12933.715830228652	3.5966031964822993	3.6564595894468983	3.74685	3.3865	0.16940793464404907	0.4296995691171752	0.4008924962387757	1.294908881187439	0.4203729987144469	0.0	0.006329549475048139	30.94621861217944	13.47800780578295	16.878010502611062	160	256	256	3.5469187082228633	13.209984683194953	14.123105895192884	25.612414294160835	54.224258757938244	108.29872674582694	100.65190793479724	139.43273830062657	0.9999973773956299	1.0	1.0	825.6253572164491	4.698583516466272	5.486280376250095	3.1691464222967625	2598665.0	0.0	15.738303419202566	6.57215405283152	0.7668656204708526	111.4121752463782	415.53335547140773	388.8918660581112	16187.0	281.64043111912906	604.48513716273	109.63878379733417	0.28922373767553866	56.94046125887091	778.7143273538237	776.7094451934099	20573.0	686.6949439309537	880.16327586025	58.79572056124301	0.9753703914551299	34.88100983410554	998.3715975268196	999.9999820999801	199429.0	931.0307616554201	1058.8171911239624	39.043467884514406	0.16944199800491333	0.4420630633831024	0.4996544122695923	0.5520564599828011
